index_name,symbol,name,sector,sub_industry,source_url,fetched_at
sp500,A,Agilent Technologies,Health Care,Life Sciences Tools & Services,https://en.wikipedia.org/wiki/List_of_S%26P_500_companies,2026-04-05T15:06:38.276538+00:00
sp500,AAPL,Apple Inc.,Information Technology,"Technology Hardware, Storage & Peripherals",https://en.wikipedia.org/wiki/List_of_S%26P_500_companies,2026-04-05T15:06:38.276538+00:00
sp500,ABBV,AbbVie,Health Care,Biotechnology,https://en.wikipedia.org/wiki/List_of_S%26P_500_companies,2026-04-05T15:06:38.276538+00:00
sp500,ABNB,Airbnb,Consumer Discretionary,"Hotels, Resorts & Cruise Lines",https://en.wikipedia.org/wiki/List_of_S%26P_500_companies,2026-04-05T15:06:38.276538+00:00
sp500,ABT,Abbott Laboratories,Health Care,Health Care Equipment,https://en.wikipedia.org/wiki/List_of_S%26P_500_companies,2026-04-05T15:06:38.276538+00:00
sp500,ACGL,Arch Capital Group,Financials,Property & Casualty Insurance,https://en.wikipedia.org/wiki/List_of_S%26P_500_companies,2026-04-05T15:06:38.276538+00:00
sp500,ACN,Accenture,Information Technology,IT Consulting & Other Services,https://en.wikipedia.org/wiki/List_of_S%26P_500_companies,2026-04-05T15:06:38.276538+00:00
sp500,ADBE,Adobe Inc.,Information Technology,Application Software,https://en.wikipedia.org/wiki/List_of_S%26P_500_companies,2026-04-05T15:06:38.276538+00:00
sp500,ADI,Analog Devices,Information Technology,Semiconductors,https://en.wikipedia.org/wiki/List_of_S%26P_500_companies,2026-04-05T15:06:38.276538+00:00
sp500,ADM,Archer Daniels Midland,Consumer Staples,Agricultural Products & Services,https://en.wikipedia.org/wiki/List_of_S%26P_500_companies,2026-04-05T15:06:38.276538+00:00
sp500,ADP,Automatic Data Processing,Industrials,Human Resource & Employment Services,https://en.wikipedia.org/wiki/List_of_S%26P_500_companies,2026-04-05T15:06:38.276538+00:00
sp500,ADSK,Autodesk,Information Technology,Application Software,https://en.wikipedia.org/wiki/List_of_S%26P_500_companies,2026-04-05T15:06:38.276538+00:00
sp500,AEE,Ameren,Utilities,Multi-Utilities,https://en.wikipedia.org/wiki/List_of_S%26P_500_companies,2026-04-05T15:06:38.276538+00:00
sp500,AEP,American Electric Power,Utilities,Electric Utilities,https://en.wikipedia.org/wiki/List_of_S%26P_500_companies,2026-04-05T15:06:38.276538+00:00
sp500,AES,AES Corporation,Utilities,Independent Power Producers & Energy Traders,https://en.wikipedia.org/wiki/List_of_S%26P_500_companies,2026-04-05T15:06:38.276538+00:00
sp500,AFL,Aflac,Financials,Life & Health Insurance,https://en.wikipedia.org/wiki/List_of_S%26P_500_companies,2026-04-05T15:06:38.276538+00:00
sp500,AIG,American International Group,Financials,Multi-line Insurance,https://en.wikipedia.org/wiki/List_of_S%26P_500_companies,2026-04-05T15:06:38.276538+00:00
sp500,AIZ,Assurant,Financials,Multi-line Insurance,https://en.wikipedia.org/wiki/List_of_S%26P_500_companies,2026-04-05T15:06:38.276538+00:00
sp500,AJG,Arthur J. Gallagher & Co.,Financials,Insurance Brokers,https://en.wikipedia.org/wiki/List_of_S%26P_500_companies,2026-04-05T15:06:38.276538+00:00
sp500,AKAM,Akamai Technologies,Information Technology,Internet Services & Infrastructure,https://en.wikipedia.org/wiki/List_of_S%26P_500_companies,2026-04-05T15:06:38.276538+00:00
sp500,ALB,Albemarle Corporation,Materials,Specialty Chemicals,https://en.wikipedia.org/wiki/List_of_S%26P_500_companies,2026-04-05T15:06:38.276538+00:00
sp500,ALGN,Align Technology,Health Care,Health Care Supplies,https://en.wikipedia.org/wiki/List_of_S%26P_500_companies,2026-04-05T15:06:38.276538+00:00
sp500,ALL,Allstate,Financials,Property & Casualty Insurance,https://en.wikipedia.org/wiki/List_of_S%26P_500_companies,2026-04-05T15:06:38.276538+00:00
sp500,ALLE,Allegion,Industrials,Building Products,https://en.wikipedia.org/wiki/List_of_S%26P_500_companies,2026-04-05T15:06:38.276538+00:00
sp500,AMAT,Applied Materials,Information Technology,Semiconductor Materials & Equipment,https://en.wikipedia.org/wiki/List_of_S%26P_500_companies,2026-04-05T15:06:38.276538+00:00
sp500,AMCR,Amcor,Materials,Paper & Plastic Packaging Products & Materials,https://en.wikipedia.org/wiki/List_of_S%26P_500_companies,2026-04-05T15:06:38.276538+00:00
sp500,AMD,Advanced Micro Devices,Information Technology,Semiconductors,https://en.wikipedia.org/wiki/List_of_S%26P_500_companies,2026-04-05T15:06:38.276538+00:00
sp500,AME,Ametek,Industrials,Electrical Components & Equipment,https://en.wikipedia.org/wiki/List_of_S%26P_500_companies,2026-04-05T15:06:38.276538+00:00
sp500,AMGN,Amgen,Health Care,Biotechnology,https://en.wikipedia.org/wiki/List_of_S%26P_500_companies,2026-04-05T15:06:38.276538+00:00
sp500,AMP,Ameriprise Financial,Financials,Asset Management & Custody Banks,https://en.wikipedia.org/wiki/List_of_S%26P_500_companies,2026-04-05T15:06:38.276538+00:00
sp500,AMT,American Tower,Real Estate,Telecom Tower REITs,https://en.wikipedia.org/wiki/List_of_S%26P_500_companies,2026-04-05T15:06:38.276538+00:00
sp500,AMZN,Amazon,Consumer Discretionary,Broadline Retail,https://en.wikipedia.org/wiki/List_of_S%26P_500_companies,2026-04-05T15:06:38.276538+00:00
sp500,ANET,Arista Networks,Information Technology,Communications Equipment,https://en.wikipedia.org/wiki/List_of_S%26P_500_companies,2026-04-05T15:06:38.276538+00:00
sp500,AON,Aon plc,Financials,Insurance Brokers,https://en.wikipedia.org/wiki/List_of_S%26P_500_companies,2026-04-05T15:06:38.276538+00:00
sp500,AOS,A. O. Smith,Industrials,Building Products,https://en.wikipedia.org/wiki/List_of_S%26P_500_companies,2026-04-05T15:06:38.276538+00:00
sp500,APA,APA Corporation,Energy,Oil & Gas Exploration & Production,https://en.wikipedia.org/wiki/List_of_S%26P_500_companies,2026-04-05T15:06:38.276538+00:00
sp500,APD,Air Products,Materials,Industrial Gases,https://en.wikipedia.org/wiki/List_of_S%26P_500_companies,2026-04-05T15:06:38.276538+00:00
sp500,APH,Amphenol,Information Technology,Electronic Components,https://en.wikipedia.org/wiki/List_of_S%26P_500_companies,2026-04-05T15:06:38.276538+00:00
sp500,APO,Apollo Global Management,Financials,Asset Management & Custody Banks,https://en.wikipedia.org/wiki/List_of_S%26P_500_companies,2026-04-05T15:06:38.276538+00:00
sp500,APP,AppLovin,Information Technology,Application Software,https://en.wikipedia.org/wiki/List_of_S%26P_500_companies,2026-04-05T15:06:38.276538+00:00
sp500,APTV,Aptiv,Consumer Discretionary,Automotive Parts & Equipment,https://en.wikipedia.org/wiki/List_of_S%26P_500_companies,2026-04-05T15:06:38.276538+00:00
sp500,ARE,Alexandria Real Estate Equities,Real Estate,Office REITs,https://en.wikipedia.org/wiki/List_of_S%26P_500_companies,2026-04-05T15:06:38.276538+00:00
sp500,ARES,Ares Management,Financials,Asset Management & Custody Banks,https://en.wikipedia.org/wiki/List_of_S%26P_500_companies,2026-04-05T15:06:38.276538+00:00
sp500,ATO,Atmos Energy,Utilities,Gas Utilities,https://en.wikipedia.org/wiki/List_of_S%26P_500_companies,2026-04-05T15:06:38.276538+00:00
sp500,AVB,AvalonBay Communities,Real Estate,Multi-Family Residential REITs,https://en.wikipedia.org/wiki/List_of_S%26P_500_companies,2026-04-05T15:06:38.276538+00:00
sp500,AVGO,Broadcom,Information Technology,Semiconductors,https://en.wikipedia.org/wiki/List_of_S%26P_500_companies,2026-04-05T15:06:38.276538+00:00
sp500,AVY,Avery Dennison,Materials,Paper & Plastic Packaging Products & Materials,https://en.wikipedia.org/wiki/List_of_S%26P_500_companies,2026-04-05T15:06:38.276538+00:00
sp500,AWK,American Water Works,Utilities,Water Utilities,https://en.wikipedia.org/wiki/List_of_S%26P_500_companies,2026-04-05T15:06:38.276538+00:00
sp500,AXON,Axon Enterprise,Industrials,Aerospace & Defense,https://en.wikipedia.org/wiki/List_of_S%26P_500_companies,2026-04-05T15:06:38.276538+00:00
sp500,AXP,American Express,Financials,Consumer Finance,https://en.wikipedia.org/wiki/List_of_S%26P_500_companies,2026-04-05T15:06:38.276538+00:00
sp500,AZO,AutoZone,Consumer Discretionary,Automotive Retail,https://en.wikipedia.org/wiki/List_of_S%26P_500_companies,2026-04-05T15:06:38.276538+00:00
sp500,BA,Boeing,Industrials,Aerospace & Defense,https://en.wikipedia.org/wiki/List_of_S%26P_500_companies,2026-04-05T15:06:38.276538+00:00
sp500,BAC,Bank of America,Financials,Diversified Banks,https://en.wikipedia.org/wiki/List_of_S%26P_500_companies,2026-04-05T15:06:38.276538+00:00
sp500,BALL,Ball Corporation,Materials,"Metal, Glass & Plastic Containers",https://en.wikipedia.org/wiki/List_of_S%26P_500_companies,2026-04-05T15:06:38.276538+00:00
sp500,BAX,Baxter International,Health Care,Health Care Equipment,https://en.wikipedia.org/wiki/List_of_S%26P_500_companies,2026-04-05T15:06:38.276538+00:00
sp500,BBY,Best Buy,Consumer Discretionary,Computer & Electronics Retail,https://en.wikipedia.org/wiki/List_of_S%26P_500_companies,2026-04-05T15:06:38.276538+00:00
sp500,BDX,Becton Dickinson,Health Care,Health Care Equipment,https://en.wikipedia.org/wiki/List_of_S%26P_500_companies,2026-04-05T15:06:38.276538+00:00
sp500,BEN,Franklin Resources,Financials,Asset Management & Custody Banks,https://en.wikipedia.org/wiki/List_of_S%26P_500_companies,2026-04-05T15:06:38.276538+00:00
sp500,BF.B,Brown–Forman,Consumer Staples,Distillers & Vintners,https://en.wikipedia.org/wiki/List_of_S%26P_500_companies,2026-04-05T15:06:38.276538+00:00
sp500,BG,Bunge Global,Consumer Staples,Agricultural Products & Services,https://en.wikipedia.org/wiki/List_of_S%26P_500_companies,2026-04-05T15:06:38.276538+00:00
sp500,BIIB,Biogen,Health Care,Biotechnology,https://en.wikipedia.org/wiki/List_of_S%26P_500_companies,2026-04-05T15:06:38.276538+00:00
sp500,BK,BNY Mellon,Financials,Asset Management & Custody Banks,https://en.wikipedia.org/wiki/List_of_S%26P_500_companies,2026-04-05T15:06:38.276538+00:00
sp500,BKNG,Booking Holdings,Consumer Discretionary,"Hotels, Resorts & Cruise Lines",https://en.wikipedia.org/wiki/List_of_S%26P_500_companies,2026-04-05T15:06:38.276538+00:00
sp500,BKR,Baker Hughes,Energy,Oil & Gas Equipment & Services,https://en.wikipedia.org/wiki/List_of_S%26P_500_companies,2026-04-05T15:06:38.276538+00:00
sp500,BLDR,Builders FirstSource,Industrials,Building Products,https://en.wikipedia.org/wiki/List_of_S%26P_500_companies,2026-04-05T15:06:38.276538+00:00
sp500,BLK,BlackRock,Financials,Asset Management & Custody Banks,https://en.wikipedia.org/wiki/List_of_S%26P_500_companies,2026-04-05T15:06:38.276538+00:00
sp500,BMY,Bristol Myers Squibb,Health Care,Pharmaceuticals,https://en.wikipedia.org/wiki/List_of_S%26P_500_companies,2026-04-05T15:06:38.276538+00:00
sp500,BR,Broadridge Financial Solutions,Industrials,Data Processing & Outsourced Services,https://en.wikipedia.org/wiki/List_of_S%26P_500_companies,2026-04-05T15:06:38.276538+00:00
sp500,BRK.B,Berkshire Hathaway,Financials,Multi-Sector Holdings,https://en.wikipedia.org/wiki/List_of_S%26P_500_companies,2026-04-05T15:06:38.276538+00:00
sp500,BRO,Brown & Brown,Financials,Insurance Brokers,https://en.wikipedia.org/wiki/List_of_S%26P_500_companies,2026-04-05T15:06:38.276538+00:00
sp500,BSX,Boston Scientific,Health Care,Health Care Equipment,https://en.wikipedia.org/wiki/List_of_S%26P_500_companies,2026-04-05T15:06:38.276538+00:00
sp500,BX,Blackstone Inc.,Financials,Asset Management & Custody Banks,https://en.wikipedia.org/wiki/List_of_S%26P_500_companies,2026-04-05T15:06:38.276538+00:00
sp500,BXP,"BXP, Inc.",Real Estate,Office REITs,https://en.wikipedia.org/wiki/List_of_S%26P_500_companies,2026-04-05T15:06:38.276538+00:00
sp500,C,Citigroup,Financials,Diversified Banks,https://en.wikipedia.org/wiki/List_of_S%26P_500_companies,2026-04-05T15:06:38.276538+00:00
sp500,CAG,Conagra Brands,Consumer Staples,Packaged Foods & Meats,https://en.wikipedia.org/wiki/List_of_S%26P_500_companies,2026-04-05T15:06:38.276538+00:00
sp500,CAH,Cardinal Health,Health Care,Health Care Distributors,https://en.wikipedia.org/wiki/List_of_S%26P_500_companies,2026-04-05T15:06:38.276538+00:00
sp500,CARR,Carrier Global,Industrials,Building Products,https://en.wikipedia.org/wiki/List_of_S%26P_500_companies,2026-04-05T15:06:38.276538+00:00
sp500,CAT,Caterpillar Inc.,Industrials,Construction Machinery & Heavy Transportation Equipment,https://en.wikipedia.org/wiki/List_of_S%26P_500_companies,2026-04-05T15:06:38.276538+00:00
sp500,CB,Chubb Limited,Financials,Property & Casualty Insurance,https://en.wikipedia.org/wiki/List_of_S%26P_500_companies,2026-04-05T15:06:38.276538+00:00
sp500,CBOE,Cboe Global Markets,Financials,Financial Exchanges & Data,https://en.wikipedia.org/wiki/List_of_S%26P_500_companies,2026-04-05T15:06:38.276538+00:00
sp500,CBRE,CBRE Group,Real Estate,Real Estate Services,https://en.wikipedia.org/wiki/List_of_S%26P_500_companies,2026-04-05T15:06:38.276538+00:00
sp500,CCI,Crown Castle,Real Estate,Telecom Tower REITs,https://en.wikipedia.org/wiki/List_of_S%26P_500_companies,2026-04-05T15:06:38.276538+00:00
sp500,CCL,Carnival,Consumer Discretionary,"Hotels, Resorts & Cruise Lines",https://en.wikipedia.org/wiki/List_of_S%26P_500_companies,2026-04-05T15:06:38.276538+00:00
sp500,CDNS,Cadence Design Systems,Information Technology,Application Software,https://en.wikipedia.org/wiki/List_of_S%26P_500_companies,2026-04-05T15:06:38.276538+00:00
sp500,CDW,CDW Corporation,Information Technology,Technology Distributors,https://en.wikipedia.org/wiki/List_of_S%26P_500_companies,2026-04-05T15:06:38.276538+00:00
sp500,CEG,Constellation Energy,Utilities,Electric Utilities,https://en.wikipedia.org/wiki/List_of_S%26P_500_companies,2026-04-05T15:06:38.276538+00:00
sp500,CF,CF Industries,Materials,Fertilizers & Agricultural Chemicals,https://en.wikipedia.org/wiki/List_of_S%26P_500_companies,2026-04-05T15:06:38.276538+00:00
sp500,CFG,Citizens Financial Group,Financials,Regional Banks,https://en.wikipedia.org/wiki/List_of_S%26P_500_companies,2026-04-05T15:06:38.276538+00:00
sp500,CHD,Church & Dwight,Consumer Staples,Household Products,https://en.wikipedia.org/wiki/List_of_S%26P_500_companies,2026-04-05T15:06:38.276538+00:00
sp500,CHRW,C.H. Robinson,Industrials,Air Freight & Logistics,https://en.wikipedia.org/wiki/List_of_S%26P_500_companies,2026-04-05T15:06:38.276538+00:00
sp500,CHTR,Charter Communications,Communication Services,Cable & Satellite,https://en.wikipedia.org/wiki/List_of_S%26P_500_companies,2026-04-05T15:06:38.276538+00:00
sp500,CI,Cigna,Health Care,Health Care Services,https://en.wikipedia.org/wiki/List_of_S%26P_500_companies,2026-04-05T15:06:38.276538+00:00
sp500,CIEN,Ciena,Information Technology,Communications Equipment,https://en.wikipedia.org/wiki/List_of_S%26P_500_companies,2026-04-05T15:06:38.276538+00:00
sp500,CINF,Cincinnati Financial,Financials,Property & Casualty Insurance,https://en.wikipedia.org/wiki/List_of_S%26P_500_companies,2026-04-05T15:06:38.276538+00:00
sp500,CL,Colgate-Palmolive,Consumer Staples,Household Products,https://en.wikipedia.org/wiki/List_of_S%26P_500_companies,2026-04-05T15:06:38.276538+00:00
sp500,CLX,Clorox,Consumer Staples,Household Products,https://en.wikipedia.org/wiki/List_of_S%26P_500_companies,2026-04-05T15:06:38.276538+00:00
sp500,CMCSA,Comcast,Communication Services,Cable & Satellite,https://en.wikipedia.org/wiki/List_of_S%26P_500_companies,2026-04-05T15:06:38.276538+00:00
sp500,CME,CME Group,Financials,Financial Exchanges & Data,https://en.wikipedia.org/wiki/List_of_S%26P_500_companies,2026-04-05T15:06:38.276538+00:00
sp500,CMG,Chipotle Mexican Grill,Consumer Discretionary,Restaurants,https://en.wikipedia.org/wiki/List_of_S%26P_500_companies,2026-04-05T15:06:38.276538+00:00
sp500,CMI,Cummins,Industrials,Construction Machinery & Heavy Transportation Equipment,https://en.wikipedia.org/wiki/List_of_S%26P_500_companies,2026-04-05T15:06:38.276538+00:00
sp500,CMS,CMS Energy,Utilities,Multi-Utilities,https://en.wikipedia.org/wiki/List_of_S%26P_500_companies,2026-04-05T15:06:38.276538+00:00
sp500,CNC,Centene Corporation,Health Care,Managed Health Care,https://en.wikipedia.org/wiki/List_of_S%26P_500_companies,2026-04-05T15:06:38.276538+00:00
sp500,CNP,CenterPoint Energy,Utilities,Multi-Utilities,https://en.wikipedia.org/wiki/List_of_S%26P_500_companies,2026-04-05T15:06:38.276538+00:00
sp500,COF,Capital One,Financials,Consumer Finance,https://en.wikipedia.org/wiki/List_of_S%26P_500_companies,2026-04-05T15:06:38.276538+00:00
sp500,COHR,Coherent Corp.,Information Technology,Electronic Components,https://en.wikipedia.org/wiki/List_of_S%26P_500_companies,2026-04-05T15:06:38.276538+00:00
sp500,COIN,Coinbase,Financials,Financial Exchanges & Data,https://en.wikipedia.org/wiki/List_of_S%26P_500_companies,2026-04-05T15:06:38.276538+00:00
sp500,COO,Cooper Companies (The),Health Care,Health Care Supplies,https://en.wikipedia.org/wiki/List_of_S%26P_500_companies,2026-04-05T15:06:38.276538+00:00
sp500,COP,ConocoPhillips,Energy,Oil & Gas Exploration & Production,https://en.wikipedia.org/wiki/List_of_S%26P_500_companies,2026-04-05T15:06:38.276538+00:00
sp500,COR,Cencora,Health Care,Health Care Distributors,https://en.wikipedia.org/wiki/List_of_S%26P_500_companies,2026-04-05T15:06:38.276538+00:00
sp500,COST,Costco,Consumer Staples,Consumer Staples Merchandise Retail,https://en.wikipedia.org/wiki/List_of_S%26P_500_companies,2026-04-05T15:06:38.276538+00:00
sp500,CPAY,Corpay,Financials,Transaction & Payment Processing Services,https://en.wikipedia.org/wiki/List_of_S%26P_500_companies,2026-04-05T15:06:38.276538+00:00
sp500,CPB,Campbell's Company (The),Consumer Staples,Packaged Foods & Meats,https://en.wikipedia.org/wiki/List_of_S%26P_500_companies,2026-04-05T15:06:38.276538+00:00
sp500,CPRT,Copart,Industrials,Diversified Support Services,https://en.wikipedia.org/wiki/List_of_S%26P_500_companies,2026-04-05T15:06:38.276538+00:00
sp500,CPT,Camden Property Trust,Real Estate,Multi-Family Residential REITs,https://en.wikipedia.org/wiki/List_of_S%26P_500_companies,2026-04-05T15:06:38.276538+00:00
sp500,CRH,CRH plc,Materials,Construction Materials,https://en.wikipedia.org/wiki/List_of_S%26P_500_companies,2026-04-05T15:06:38.276538+00:00
sp500,CRL,Charles River Laboratories,Health Care,Life Sciences Tools & Services,https://en.wikipedia.org/wiki/List_of_S%26P_500_companies,2026-04-05T15:06:38.276538+00:00
sp500,CRM,Salesforce,Information Technology,Application Software,https://en.wikipedia.org/wiki/List_of_S%26P_500_companies,2026-04-05T15:06:38.276538+00:00
sp500,CRWD,CrowdStrike,Information Technology,Systems Software,https://en.wikipedia.org/wiki/List_of_S%26P_500_companies,2026-04-05T15:06:38.276538+00:00
sp500,CSCO,Cisco,Information Technology,Communications Equipment,https://en.wikipedia.org/wiki/List_of_S%26P_500_companies,2026-04-05T15:06:38.276538+00:00
sp500,CSGP,CoStar Group,Real Estate,Real Estate Services,https://en.wikipedia.org/wiki/List_of_S%26P_500_companies,2026-04-05T15:06:38.276538+00:00
sp500,CSX,CSX Corporation,Industrials,Rail Transportation,https://en.wikipedia.org/wiki/List_of_S%26P_500_companies,2026-04-05T15:06:38.276538+00:00
sp500,CTAS,Cintas,Industrials,Diversified Support Services,https://en.wikipedia.org/wiki/List_of_S%26P_500_companies,2026-04-05T15:06:38.276538+00:00
sp500,CTRA,Coterra,Energy,Oil & Gas Exploration & Production,https://en.wikipedia.org/wiki/List_of_S%26P_500_companies,2026-04-05T15:06:38.276538+00:00
sp500,CTSH,Cognizant,Information Technology,IT Consulting & Other Services,https://en.wikipedia.org/wiki/List_of_S%26P_500_companies,2026-04-05T15:06:38.276538+00:00
sp500,CTVA,Corteva,Materials,Fertilizers & Agricultural Chemicals,https://en.wikipedia.org/wiki/List_of_S%26P_500_companies,2026-04-05T15:06:38.276538+00:00
sp500,CVNA,Carvana,Consumer Discretionary,Automotive Retail,https://en.wikipedia.org/wiki/List_of_S%26P_500_companies,2026-04-05T15:06:38.276538+00:00
sp500,CVS,CVS Health,Health Care,Health Care Services,https://en.wikipedia.org/wiki/List_of_S%26P_500_companies,2026-04-05T15:06:38.276538+00:00
sp500,CVX,Chevron Corporation,Energy,Integrated Oil & Gas,https://en.wikipedia.org/wiki/List_of_S%26P_500_companies,2026-04-05T15:06:38.276538+00:00
sp500,D,Dominion Energy,Utilities,Multi-Utilities,https://en.wikipedia.org/wiki/List_of_S%26P_500_companies,2026-04-05T15:06:38.276538+00:00
sp500,DAL,Delta Air Lines,Industrials,Passenger Airlines,https://en.wikipedia.org/wiki/List_of_S%26P_500_companies,2026-04-05T15:06:38.276538+00:00
sp500,DASH,DoorDash,Consumer Discretionary,Specialized Consumer Services,https://en.wikipedia.org/wiki/List_of_S%26P_500_companies,2026-04-05T15:06:38.276538+00:00
sp500,DD,DuPont,Materials,Specialty Chemicals,https://en.wikipedia.org/wiki/List_of_S%26P_500_companies,2026-04-05T15:06:38.276538+00:00
sp500,DDOG,Datadog,Information Technology,Application Software,https://en.wikipedia.org/wiki/List_of_S%26P_500_companies,2026-04-05T15:06:38.276538+00:00
sp500,DE,Deere & Company,Industrials,Agricultural & Farm Machinery,https://en.wikipedia.org/wiki/List_of_S%26P_500_companies,2026-04-05T15:06:38.276538+00:00
sp500,DECK,Deckers Brands,Consumer Discretionary,Footwear,https://en.wikipedia.org/wiki/List_of_S%26P_500_companies,2026-04-05T15:06:38.276538+00:00
sp500,DELL,Dell Technologies,Information Technology,"Technology Hardware, Storage & Peripherals",https://en.wikipedia.org/wiki/List_of_S%26P_500_companies,2026-04-05T15:06:38.276538+00:00
sp500,DG,Dollar General,Consumer Staples,Consumer Staples Merchandise Retail,https://en.wikipedia.org/wiki/List_of_S%26P_500_companies,2026-04-05T15:06:38.276538+00:00
sp500,DGX,Quest Diagnostics,Health Care,Health Care Services,https://en.wikipedia.org/wiki/List_of_S%26P_500_companies,2026-04-05T15:06:38.276538+00:00
sp500,DHI,D. R. Horton,Consumer Discretionary,Homebuilding,https://en.wikipedia.org/wiki/List_of_S%26P_500_companies,2026-04-05T15:06:38.276538+00:00
sp500,DHR,Danaher Corporation,Health Care,Life Sciences Tools & Services,https://en.wikipedia.org/wiki/List_of_S%26P_500_companies,2026-04-05T15:06:38.276538+00:00
sp500,DIS,Walt Disney Company (The),Communication Services,Movies & Entertainment,https://en.wikipedia.org/wiki/List_of_S%26P_500_companies,2026-04-05T15:06:38.276538+00:00
sp500,DLR,Digital Realty,Real Estate,Data Center REITs,https://en.wikipedia.org/wiki/List_of_S%26P_500_companies,2026-04-05T15:06:38.276538+00:00
sp500,DLTR,Dollar Tree,Consumer Staples,Consumer Staples Merchandise Retail,https://en.wikipedia.org/wiki/List_of_S%26P_500_companies,2026-04-05T15:06:38.276538+00:00
sp500,DOC,Healthpeak Properties,Real Estate,Health Care REITs,https://en.wikipedia.org/wiki/List_of_S%26P_500_companies,2026-04-05T15:06:38.276538+00:00
sp500,DOV,Dover Corporation,Industrials,Industrial Machinery & Supplies & Components,https://en.wikipedia.org/wiki/List_of_S%26P_500_companies,2026-04-05T15:06:38.276538+00:00
sp500,DOW,Dow Inc.,Materials,Commodity Chemicals,https://en.wikipedia.org/wiki/List_of_S%26P_500_companies,2026-04-05T15:06:38.276538+00:00
sp500,DPZ,Domino's,Consumer Discretionary,Restaurants,https://en.wikipedia.org/wiki/List_of_S%26P_500_companies,2026-04-05T15:06:38.276538+00:00
sp500,DRI,Darden Restaurants,Consumer Discretionary,Restaurants,https://en.wikipedia.org/wiki/List_of_S%26P_500_companies,2026-04-05T15:06:38.276538+00:00
sp500,DTE,DTE Energy,Utilities,Multi-Utilities,https://en.wikipedia.org/wiki/List_of_S%26P_500_companies,2026-04-05T15:06:38.276538+00:00
sp500,DUK,Duke Energy,Utilities,Electric Utilities,https://en.wikipedia.org/wiki/List_of_S%26P_500_companies,2026-04-05T15:06:38.276538+00:00
sp500,DVA,DaVita,Health Care,Health Care Services,https://en.wikipedia.org/wiki/List_of_S%26P_500_companies,2026-04-05T15:06:38.276538+00:00
sp500,DVN,Devon Energy,Energy,Oil & Gas Exploration & Production,https://en.wikipedia.org/wiki/List_of_S%26P_500_companies,2026-04-05T15:06:38.276538+00:00
sp500,DXCM,Dexcom,Health Care,Health Care Equipment,https://en.wikipedia.org/wiki/List_of_S%26P_500_companies,2026-04-05T15:06:38.276538+00:00
sp500,EA,Electronic Arts,Communication Services,Interactive Home Entertainment,https://en.wikipedia.org/wiki/List_of_S%26P_500_companies,2026-04-05T15:06:38.276538+00:00
sp500,EBAY,eBay Inc.,Consumer Discretionary,Broadline Retail,https://en.wikipedia.org/wiki/List_of_S%26P_500_companies,2026-04-05T15:06:38.276538+00:00
sp500,ECL,Ecolab,Materials,Specialty Chemicals,https://en.wikipedia.org/wiki/List_of_S%26P_500_companies,2026-04-05T15:06:38.276538+00:00
sp500,ED,Consolidated Edison,Utilities,Multi-Utilities,https://en.wikipedia.org/wiki/List_of_S%26P_500_companies,2026-04-05T15:06:38.276538+00:00
sp500,EFX,Equifax,Industrials,Research & Consulting Services,https://en.wikipedia.org/wiki/List_of_S%26P_500_companies,2026-04-05T15:06:38.276538+00:00
sp500,EG,Everest Group,Financials,Reinsurance,https://en.wikipedia.org/wiki/List_of_S%26P_500_companies,2026-04-05T15:06:38.276538+00:00
sp500,EIX,Edison International,Utilities,Electric Utilities,https://en.wikipedia.org/wiki/List_of_S%26P_500_companies,2026-04-05T15:06:38.276538+00:00
sp500,EL,Estée Lauder Companies (The),Consumer Staples,Personal Care Products,https://en.wikipedia.org/wiki/List_of_S%26P_500_companies,2026-04-05T15:06:38.276538+00:00
sp500,ELV,Elevance Health,Health Care,Managed Health Care,https://en.wikipedia.org/wiki/List_of_S%26P_500_companies,2026-04-05T15:06:38.276538+00:00
sp500,EME,Emcor,Industrials,Construction & Engineering,https://en.wikipedia.org/wiki/List_of_S%26P_500_companies,2026-04-05T15:06:38.276538+00:00
sp500,EMR,Emerson Electric,Industrials,Electrical Components & Equipment,https://en.wikipedia.org/wiki/List_of_S%26P_500_companies,2026-04-05T15:06:38.276538+00:00
sp500,EOG,EOG Resources,Energy,Oil & Gas Exploration & Production,https://en.wikipedia.org/wiki/List_of_S%26P_500_companies,2026-04-05T15:06:38.276538+00:00
sp500,EPAM,EPAM Systems,Information Technology,IT Consulting & Other Services,https://en.wikipedia.org/wiki/List_of_S%26P_500_companies,2026-04-05T15:06:38.276538+00:00
sp500,EQIX,Equinix,Real Estate,Data Center REITs,https://en.wikipedia.org/wiki/List_of_S%26P_500_companies,2026-04-05T15:06:38.276538+00:00
sp500,EQR,Equity Residential,Real Estate,Multi-Family Residential REITs,https://en.wikipedia.org/wiki/List_of_S%26P_500_companies,2026-04-05T15:06:38.276538+00:00
sp500,EQT,EQT Corporation,Energy,Oil & Gas Exploration & Production,https://en.wikipedia.org/wiki/List_of_S%26P_500_companies,2026-04-05T15:06:38.276538+00:00
sp500,ERIE,Erie Indemnity,Financials,Insurance Brokers,https://en.wikipedia.org/wiki/List_of_S%26P_500_companies,2026-04-05T15:06:38.276538+00:00
sp500,ES,Eversource Energy,Utilities,Electric Utilities,https://en.wikipedia.org/wiki/List_of_S%26P_500_companies,2026-04-05T15:06:38.276538+00:00
sp500,ESS,Essex Property Trust,Real Estate,Multi-Family Residential REITs,https://en.wikipedia.org/wiki/List_of_S%26P_500_companies,2026-04-05T15:06:38.276538+00:00
sp500,ETN,Eaton Corporation,Industrials,Electrical Components & Equipment,https://en.wikipedia.org/wiki/List_of_S%26P_500_companies,2026-04-05T15:06:38.276538+00:00
sp500,ETR,Entergy,Utilities,Electric Utilities,https://en.wikipedia.org/wiki/List_of_S%26P_500_companies,2026-04-05T15:06:38.276538+00:00
sp500,EVRG,Evergy,Utilities,Electric Utilities,https://en.wikipedia.org/wiki/List_of_S%26P_500_companies,2026-04-05T15:06:38.276538+00:00
sp500,EW,Edwards Lifesciences,Health Care,Health Care Equipment,https://en.wikipedia.org/wiki/List_of_S%26P_500_companies,2026-04-05T15:06:38.276538+00:00
sp500,EXC,Exelon,Utilities,Electric Utilities,https://en.wikipedia.org/wiki/List_of_S%26P_500_companies,2026-04-05T15:06:38.276538+00:00
sp500,EXE,Expand Energy,Energy,Oil & Gas Exploration & Production,https://en.wikipedia.org/wiki/List_of_S%26P_500_companies,2026-04-05T15:06:38.276538+00:00
sp500,EXPD,Expeditors International,Industrials,Air Freight & Logistics,https://en.wikipedia.org/wiki/List_of_S%26P_500_companies,2026-04-05T15:06:38.276538+00:00
sp500,EXPE,Expedia Group,Consumer Discretionary,"Hotels, Resorts & Cruise Lines",https://en.wikipedia.org/wiki/List_of_S%26P_500_companies,2026-04-05T15:06:38.276538+00:00
sp500,EXR,Extra Space Storage,Real Estate,Self-Storage REITs,https://en.wikipedia.org/wiki/List_of_S%26P_500_companies,2026-04-05T15:06:38.276538+00:00
sp500,F,Ford Motor Company,Consumer Discretionary,Automobile Manufacturers,https://en.wikipedia.org/wiki/List_of_S%26P_500_companies,2026-04-05T15:06:38.276538+00:00
sp500,FANG,Diamondback Energy,Energy,Oil & Gas Exploration & Production,https://en.wikipedia.org/wiki/List_of_S%26P_500_companies,2026-04-05T15:06:38.276538+00:00
sp500,FAST,Fastenal,Industrials,Trading Companies & Distributors,https://en.wikipedia.org/wiki/List_of_S%26P_500_companies,2026-04-05T15:06:38.276538+00:00
sp500,FCX,Freeport-McMoRan,Materials,Copper,https://en.wikipedia.org/wiki/List_of_S%26P_500_companies,2026-04-05T15:06:38.276538+00:00
sp500,FDS,FactSet,Financials,Financial Exchanges & Data,https://en.wikipedia.org/wiki/List_of_S%26P_500_companies,2026-04-05T15:06:38.276538+00:00
sp500,FDX,FedEx,Industrials,Air Freight & Logistics,https://en.wikipedia.org/wiki/List_of_S%26P_500_companies,2026-04-05T15:06:38.276538+00:00
sp500,FE,FirstEnergy,Utilities,Electric Utilities,https://en.wikipedia.org/wiki/List_of_S%26P_500_companies,2026-04-05T15:06:38.276538+00:00
sp500,FFIV,"F5, Inc.",Information Technology,Communications Equipment,https://en.wikipedia.org/wiki/List_of_S%26P_500_companies,2026-04-05T15:06:38.276538+00:00
sp500,FICO,Fair Isaac,Information Technology,Application Software,https://en.wikipedia.org/wiki/List_of_S%26P_500_companies,2026-04-05T15:06:38.276538+00:00
sp500,FIS,Fidelity National Information Services,Financials,Transaction & Payment Processing Services,https://en.wikipedia.org/wiki/List_of_S%26P_500_companies,2026-04-05T15:06:38.276538+00:00
sp500,FISV,Fiserv,Financials,Transaction & Payment Processing Services,https://en.wikipedia.org/wiki/List_of_S%26P_500_companies,2026-04-05T15:06:38.276538+00:00
sp500,FITB,Fifth Third Bancorp,Financials,Regional Banks,https://en.wikipedia.org/wiki/List_of_S%26P_500_companies,2026-04-05T15:06:38.276538+00:00
sp500,FIX,Comfort Systems USA,Industrials,Construction & Engineering,https://en.wikipedia.org/wiki/List_of_S%26P_500_companies,2026-04-05T15:06:38.276538+00:00
sp500,FOX,Fox Corporation (Class B),Communication Services,Broadcasting,https://en.wikipedia.org/wiki/List_of_S%26P_500_companies,2026-04-05T15:06:38.276538+00:00
sp500,FOXA,Fox Corporation (Class A),Communication Services,Broadcasting,https://en.wikipedia.org/wiki/List_of_S%26P_500_companies,2026-04-05T15:06:38.276538+00:00
sp500,FRT,Federal Realty Investment Trust,Real Estate,Retail REITs,https://en.wikipedia.org/wiki/List_of_S%26P_500_companies,2026-04-05T15:06:38.276538+00:00
sp500,FSLR,First Solar,Information Technology,Semiconductors,https://en.wikipedia.org/wiki/List_of_S%26P_500_companies,2026-04-05T15:06:38.276538+00:00
sp500,FTNT,Fortinet,Information Technology,Systems Software,https://en.wikipedia.org/wiki/List_of_S%26P_500_companies,2026-04-05T15:06:38.276538+00:00
sp500,FTV,Fortive,Industrials,Industrial Machinery & Supplies & Components,https://en.wikipedia.org/wiki/List_of_S%26P_500_companies,2026-04-05T15:06:38.276538+00:00
sp500,GD,General Dynamics,Industrials,Aerospace & Defense,https://en.wikipedia.org/wiki/List_of_S%26P_500_companies,2026-04-05T15:06:38.276538+00:00
sp500,GDDY,GoDaddy,Information Technology,Internet Services & Infrastructure,https://en.wikipedia.org/wiki/List_of_S%26P_500_companies,2026-04-05T15:06:38.276538+00:00
sp500,GE,GE Aerospace,Industrials,Aerospace & Defense,https://en.wikipedia.org/wiki/List_of_S%26P_500_companies,2026-04-05T15:06:38.276538+00:00
sp500,GEHC,GE HealthCare,Health Care,Health Care Equipment,https://en.wikipedia.org/wiki/List_of_S%26P_500_companies,2026-04-05T15:06:38.276538+00:00
sp500,GEN,Gen Digital,Information Technology,Systems Software,https://en.wikipedia.org/wiki/List_of_S%26P_500_companies,2026-04-05T15:06:38.276538+00:00
sp500,GEV,GE Vernova,Industrials,Heavy Electrical Equipment,https://en.wikipedia.org/wiki/List_of_S%26P_500_companies,2026-04-05T15:06:38.276538+00:00
sp500,GILD,Gilead Sciences,Health Care,Biotechnology,https://en.wikipedia.org/wiki/List_of_S%26P_500_companies,2026-04-05T15:06:38.276538+00:00
sp500,GIS,General Mills,Consumer Staples,Packaged Foods & Meats,https://en.wikipedia.org/wiki/List_of_S%26P_500_companies,2026-04-05T15:06:38.276538+00:00
sp500,GL,Globe Life,Financials,Life & Health Insurance,https://en.wikipedia.org/wiki/List_of_S%26P_500_companies,2026-04-05T15:06:38.276538+00:00
sp500,GLW,Corning Inc.,Information Technology,Electronic Components,https://en.wikipedia.org/wiki/List_of_S%26P_500_companies,2026-04-05T15:06:38.276538+00:00
sp500,GM,General Motors,Consumer Discretionary,Automobile Manufacturers,https://en.wikipedia.org/wiki/List_of_S%26P_500_companies,2026-04-05T15:06:38.276538+00:00
sp500,GNRC,Generac,Industrials,Electrical Components & Equipment,https://en.wikipedia.org/wiki/List_of_S%26P_500_companies,2026-04-05T15:06:38.276538+00:00
sp500,GOOG,Alphabet Inc. (Class C),Communication Services,Interactive Media & Services,https://en.wikipedia.org/wiki/List_of_S%26P_500_companies,2026-04-05T15:06:38.276538+00:00
sp500,GOOGL,Alphabet Inc. (Class A),Communication Services,Interactive Media & Services,https://en.wikipedia.org/wiki/List_of_S%26P_500_companies,2026-04-05T15:06:38.276538+00:00
sp500,GPC,Genuine Parts Company,Consumer Discretionary,Distributors,https://en.wikipedia.org/wiki/List_of_S%26P_500_companies,2026-04-05T15:06:38.276538+00:00
sp500,GPN,Global Payments,Financials,Transaction & Payment Processing Services,https://en.wikipedia.org/wiki/List_of_S%26P_500_companies,2026-04-05T15:06:38.276538+00:00
sp500,GRMN,Garmin,Consumer Discretionary,Consumer Electronics,https://en.wikipedia.org/wiki/List_of_S%26P_500_companies,2026-04-05T15:06:38.276538+00:00
sp500,GS,Goldman Sachs,Financials,Investment Banking & Brokerage,https://en.wikipedia.org/wiki/List_of_S%26P_500_companies,2026-04-05T15:06:38.276538+00:00
sp500,GWW,W. W. Grainger,Industrials,Industrial Machinery & Supplies & Components,https://en.wikipedia.org/wiki/List_of_S%26P_500_companies,2026-04-05T15:06:38.276538+00:00
sp500,HAL,Halliburton,Energy,Oil & Gas Equipment & Services,https://en.wikipedia.org/wiki/List_of_S%26P_500_companies,2026-04-05T15:06:38.276538+00:00
sp500,HAS,Hasbro,Consumer Discretionary,Leisure Products,https://en.wikipedia.org/wiki/List_of_S%26P_500_companies,2026-04-05T15:06:38.276538+00:00
sp500,HBAN,Huntington Bancshares,Financials,Regional Banks,https://en.wikipedia.org/wiki/List_of_S%26P_500_companies,2026-04-05T15:06:38.276538+00:00
sp500,HCA,HCA Healthcare,Health Care,Health Care Facilities,https://en.wikipedia.org/wiki/List_of_S%26P_500_companies,2026-04-05T15:06:38.276538+00:00
sp500,HD,Home Depot (The),Consumer Discretionary,Home Improvement Retail,https://en.wikipedia.org/wiki/List_of_S%26P_500_companies,2026-04-05T15:06:38.276538+00:00
sp500,HIG,Hartford (The),Financials,Property & Casualty Insurance,https://en.wikipedia.org/wiki/List_of_S%26P_500_companies,2026-04-05T15:06:38.276538+00:00
sp500,HII,Huntington Ingalls Industries,Industrials,Aerospace & Defense,https://en.wikipedia.org/wiki/List_of_S%26P_500_companies,2026-04-05T15:06:38.276538+00:00
sp500,HLT,Hilton Worldwide,Consumer Discretionary,"Hotels, Resorts & Cruise Lines",https://en.wikipedia.org/wiki/List_of_S%26P_500_companies,2026-04-05T15:06:38.276538+00:00
sp500,HOLX,Hologic,Health Care,Health Care Equipment,https://en.wikipedia.org/wiki/List_of_S%26P_500_companies,2026-04-05T15:06:38.276538+00:00
sp500,HON,Honeywell,Industrials,Industrial Conglomerates,https://en.wikipedia.org/wiki/List_of_S%26P_500_companies,2026-04-05T15:06:38.276538+00:00
sp500,HOOD,Robinhood Markets,Financials,Investment Banking & Brokerage,https://en.wikipedia.org/wiki/List_of_S%26P_500_companies,2026-04-05T15:06:38.276538+00:00
sp500,HPE,Hewlett Packard Enterprise,Information Technology,"Technology Hardware, Storage & Peripherals",https://en.wikipedia.org/wiki/List_of_S%26P_500_companies,2026-04-05T15:06:38.276538+00:00
sp500,HPQ,HP Inc.,Information Technology,"Technology Hardware, Storage & Peripherals",https://en.wikipedia.org/wiki/List_of_S%26P_500_companies,2026-04-05T15:06:38.276538+00:00
sp500,HRL,Hormel Foods,Consumer Staples,Packaged Foods & Meats,https://en.wikipedia.org/wiki/List_of_S%26P_500_companies,2026-04-05T15:06:38.276538+00:00
sp500,HSIC,Henry Schein,Health Care,Health Care Distributors,https://en.wikipedia.org/wiki/List_of_S%26P_500_companies,2026-04-05T15:06:38.276538+00:00
sp500,HST,Host Hotels & Resorts,Real Estate,Hotel & Resort REITs,https://en.wikipedia.org/wiki/List_of_S%26P_500_companies,2026-04-05T15:06:38.276538+00:00
sp500,HSY,Hershey Company (The),Consumer Staples,Packaged Foods & Meats,https://en.wikipedia.org/wiki/List_of_S%26P_500_companies,2026-04-05T15:06:38.276538+00:00
sp500,HUBB,Hubbell Incorporated,Industrials,Industrial Machinery & Supplies & Components,https://en.wikipedia.org/wiki/List_of_S%26P_500_companies,2026-04-05T15:06:38.276538+00:00
sp500,HUM,Humana,Health Care,Managed Health Care,https://en.wikipedia.org/wiki/List_of_S%26P_500_companies,2026-04-05T15:06:38.276538+00:00
sp500,HWM,Howmet Aerospace,Industrials,Aerospace & Defense,https://en.wikipedia.org/wiki/List_of_S%26P_500_companies,2026-04-05T15:06:38.276538+00:00
sp500,IBKR,Interactive Brokers,Financials,Investment Banking & Brokerage,https://en.wikipedia.org/wiki/List_of_S%26P_500_companies,2026-04-05T15:06:38.276538+00:00
sp500,IBM,IBM,Information Technology,IT Consulting & Other Services,https://en.wikipedia.org/wiki/List_of_S%26P_500_companies,2026-04-05T15:06:38.276538+00:00
sp500,ICE,Intercontinental Exchange,Financials,Financial Exchanges & Data,https://en.wikipedia.org/wiki/List_of_S%26P_500_companies,2026-04-05T15:06:38.276538+00:00
sp500,IDXX,Idexx Laboratories,Health Care,Health Care Equipment,https://en.wikipedia.org/wiki/List_of_S%26P_500_companies,2026-04-05T15:06:38.276538+00:00
sp500,IEX,IDEX Corporation,Industrials,Industrial Machinery & Supplies & Components,https://en.wikipedia.org/wiki/List_of_S%26P_500_companies,2026-04-05T15:06:38.276538+00:00
sp500,IFF,International Flavors & Fragrances,Materials,Specialty Chemicals,https://en.wikipedia.org/wiki/List_of_S%26P_500_companies,2026-04-05T15:06:38.276538+00:00
sp500,INCY,Incyte,Health Care,Biotechnology,https://en.wikipedia.org/wiki/List_of_S%26P_500_companies,2026-04-05T15:06:38.276538+00:00
sp500,INTC,Intel,Information Technology,Semiconductors,https://en.wikipedia.org/wiki/List_of_S%26P_500_companies,2026-04-05T15:06:38.276538+00:00
sp500,INTU,Intuit,Information Technology,Application Software,https://en.wikipedia.org/wiki/List_of_S%26P_500_companies,2026-04-05T15:06:38.276538+00:00
sp500,INVH,Invitation Homes,Real Estate,Single-Family Residential REITs,https://en.wikipedia.org/wiki/List_of_S%26P_500_companies,2026-04-05T15:06:38.276538+00:00
sp500,IP,International Paper,Materials,Paper & Plastic Packaging Products & Materials,https://en.wikipedia.org/wiki/List_of_S%26P_500_companies,2026-04-05T15:06:38.276538+00:00
sp500,IQV,IQVIA,Health Care,Life Sciences Tools & Services,https://en.wikipedia.org/wiki/List_of_S%26P_500_companies,2026-04-05T15:06:38.276538+00:00
sp500,IR,Ingersoll Rand,Industrials,Industrial Machinery & Supplies & Components,https://en.wikipedia.org/wiki/List_of_S%26P_500_companies,2026-04-05T15:06:38.276538+00:00
sp500,IRM,Iron Mountain,Real Estate,Other Specialized REITs,https://en.wikipedia.org/wiki/List_of_S%26P_500_companies,2026-04-05T15:06:38.276538+00:00
sp500,ISRG,Intuitive Surgical,Health Care,Health Care Equipment,https://en.wikipedia.org/wiki/List_of_S%26P_500_companies,2026-04-05T15:06:38.276538+00:00
sp500,IT,Gartner,Information Technology,IT Consulting & Other Services,https://en.wikipedia.org/wiki/List_of_S%26P_500_companies,2026-04-05T15:06:38.276538+00:00
sp500,ITW,Illinois Tool Works,Industrials,Industrial Machinery & Supplies & Components,https://en.wikipedia.org/wiki/List_of_S%26P_500_companies,2026-04-05T15:06:38.276538+00:00
sp500,IVZ,Invesco,Financials,Asset Management & Custody Banks,https://en.wikipedia.org/wiki/List_of_S%26P_500_companies,2026-04-05T15:06:38.276538+00:00
sp500,J,Jacobs Solutions,Industrials,Construction & Engineering,https://en.wikipedia.org/wiki/List_of_S%26P_500_companies,2026-04-05T15:06:38.276538+00:00
sp500,JBHT,J.B. Hunt,Industrials,Cargo Ground Transportation,https://en.wikipedia.org/wiki/List_of_S%26P_500_companies,2026-04-05T15:06:38.276538+00:00
sp500,JBL,Jabil,Information Technology,Electronic Manufacturing Services,https://en.wikipedia.org/wiki/List_of_S%26P_500_companies,2026-04-05T15:06:38.276538+00:00
sp500,JCI,Johnson Controls,Industrials,Building Products,https://en.wikipedia.org/wiki/List_of_S%26P_500_companies,2026-04-05T15:06:38.276538+00:00
sp500,JKHY,Jack Henry & Associates,Financials,Transaction & Payment Processing Services,https://en.wikipedia.org/wiki/List_of_S%26P_500_companies,2026-04-05T15:06:38.276538+00:00
sp500,JNJ,Johnson & Johnson,Health Care,Pharmaceuticals,https://en.wikipedia.org/wiki/List_of_S%26P_500_companies,2026-04-05T15:06:38.276538+00:00
sp500,JPM,JPMorgan Chase,Financials,Diversified Banks,https://en.wikipedia.org/wiki/List_of_S%26P_500_companies,2026-04-05T15:06:38.276538+00:00
sp500,KDP,Keurig Dr Pepper,Consumer Staples,Soft Drinks & Non-alcoholic Beverages,https://en.wikipedia.org/wiki/List_of_S%26P_500_companies,2026-04-05T15:06:38.276538+00:00
sp500,KEY,KeyCorp,Financials,Regional Banks,https://en.wikipedia.org/wiki/List_of_S%26P_500_companies,2026-04-05T15:06:38.276538+00:00
sp500,KEYS,Keysight Technologies,Information Technology,Electronic Equipment & Instruments,https://en.wikipedia.org/wiki/List_of_S%26P_500_companies,2026-04-05T15:06:38.276538+00:00
sp500,KHC,Kraft Heinz,Consumer Staples,Packaged Foods & Meats,https://en.wikipedia.org/wiki/List_of_S%26P_500_companies,2026-04-05T15:06:38.276538+00:00
sp500,KIM,Kimco Realty,Real Estate,Retail REITs,https://en.wikipedia.org/wiki/List_of_S%26P_500_companies,2026-04-05T15:06:38.276538+00:00
sp500,KKR,KKR & Co.,Financials,Asset Management & Custody Banks,https://en.wikipedia.org/wiki/List_of_S%26P_500_companies,2026-04-05T15:06:38.276538+00:00
sp500,KLAC,KLA Corporation,Information Technology,Semiconductor Materials & Equipment,https://en.wikipedia.org/wiki/List_of_S%26P_500_companies,2026-04-05T15:06:38.276538+00:00
sp500,KMB,Kimberly-Clark,Consumer Staples,Household Products,https://en.wikipedia.org/wiki/List_of_S%26P_500_companies,2026-04-05T15:06:38.276538+00:00
sp500,KMI,Kinder Morgan,Energy,Oil & Gas Storage & Transportation,https://en.wikipedia.org/wiki/List_of_S%26P_500_companies,2026-04-05T15:06:38.276538+00:00
sp500,KO,Coca-Cola Company (The),Consumer Staples,Soft Drinks & Non-alcoholic Beverages,https://en.wikipedia.org/wiki/List_of_S%26P_500_companies,2026-04-05T15:06:38.276538+00:00
sp500,KR,Kroger,Consumer Staples,Food Retail,https://en.wikipedia.org/wiki/List_of_S%26P_500_companies,2026-04-05T15:06:38.276538+00:00
sp500,KVUE,Kenvue,Consumer Staples,Personal Care Products,https://en.wikipedia.org/wiki/List_of_S%26P_500_companies,2026-04-05T15:06:38.276538+00:00
sp500,L,Loews Corporation,Financials,Multi-line Insurance,https://en.wikipedia.org/wiki/List_of_S%26P_500_companies,2026-04-05T15:06:38.276538+00:00
sp500,LDOS,Leidos,Industrials,Diversified Support Services,https://en.wikipedia.org/wiki/List_of_S%26P_500_companies,2026-04-05T15:06:38.276538+00:00
sp500,LEN,Lennar,Consumer Discretionary,Homebuilding,https://en.wikipedia.org/wiki/List_of_S%26P_500_companies,2026-04-05T15:06:38.276538+00:00
sp500,LH,Labcorp,Health Care,Health Care Services,https://en.wikipedia.org/wiki/List_of_S%26P_500_companies,2026-04-05T15:06:38.276538+00:00
sp500,LHX,L3Harris,Industrials,Aerospace & Defense,https://en.wikipedia.org/wiki/List_of_S%26P_500_companies,2026-04-05T15:06:38.276538+00:00
sp500,LII,Lennox International,Industrials,Building Products,https://en.wikipedia.org/wiki/List_of_S%26P_500_companies,2026-04-05T15:06:38.276538+00:00
sp500,LIN,Linde plc,Materials,Industrial Gases,https://en.wikipedia.org/wiki/List_of_S%26P_500_companies,2026-04-05T15:06:38.276538+00:00
sp500,LITE,Lumentum,Information Technology,Communications Equipment,https://en.wikipedia.org/wiki/List_of_S%26P_500_companies,2026-04-05T15:06:38.276538+00:00
sp500,LLY,Lilly (Eli),Health Care,Pharmaceuticals,https://en.wikipedia.org/wiki/List_of_S%26P_500_companies,2026-04-05T15:06:38.276538+00:00
sp500,LMT,Lockheed Martin,Industrials,Aerospace & Defense,https://en.wikipedia.org/wiki/List_of_S%26P_500_companies,2026-04-05T15:06:38.276538+00:00
sp500,LNT,Alliant Energy,Utilities,Electric Utilities,https://en.wikipedia.org/wiki/List_of_S%26P_500_companies,2026-04-05T15:06:38.276538+00:00
sp500,LOW,Lowe's,Consumer Discretionary,Home Improvement Retail,https://en.wikipedia.org/wiki/List_of_S%26P_500_companies,2026-04-05T15:06:38.276538+00:00
sp500,LRCX,Lam Research,Information Technology,Semiconductor Materials & Equipment,https://en.wikipedia.org/wiki/List_of_S%26P_500_companies,2026-04-05T15:06:38.276538+00:00
sp500,LULU,Lululemon Athletica,Consumer Discretionary,"Apparel, Accessories & Luxury Goods",https://en.wikipedia.org/wiki/List_of_S%26P_500_companies,2026-04-05T15:06:38.276538+00:00
sp500,LUV,Southwest Airlines,Industrials,Passenger Airlines,https://en.wikipedia.org/wiki/List_of_S%26P_500_companies,2026-04-05T15:06:38.276538+00:00
sp500,LVS,Las Vegas Sands,Consumer Discretionary,Casinos & Gaming,https://en.wikipedia.org/wiki/List_of_S%26P_500_companies,2026-04-05T15:06:38.276538+00:00
sp500,LYB,LyondellBasell,Materials,Specialty Chemicals,https://en.wikipedia.org/wiki/List_of_S%26P_500_companies,2026-04-05T15:06:38.276538+00:00
sp500,LYV,Live Nation Entertainment,Communication Services,Movies & Entertainment,https://en.wikipedia.org/wiki/List_of_S%26P_500_companies,2026-04-05T15:06:38.276538+00:00
sp500,MA,Mastercard,Financials,Transaction & Payment Processing Services,https://en.wikipedia.org/wiki/List_of_S%26P_500_companies,2026-04-05T15:06:38.276538+00:00
sp500,MAA,Mid-America Apartment Communities,Real Estate,Multi-Family Residential REITs,https://en.wikipedia.org/wiki/List_of_S%26P_500_companies,2026-04-05T15:06:38.276538+00:00
sp500,MAR,Marriott International,Consumer Discretionary,"Hotels, Resorts & Cruise Lines",https://en.wikipedia.org/wiki/List_of_S%26P_500_companies,2026-04-05T15:06:38.276538+00:00
sp500,MAS,Masco,Industrials,Building Products,https://en.wikipedia.org/wiki/List_of_S%26P_500_companies,2026-04-05T15:06:38.276538+00:00
sp500,MCD,McDonald's,Consumer Discretionary,Restaurants,https://en.wikipedia.org/wiki/List_of_S%26P_500_companies,2026-04-05T15:06:38.276538+00:00
sp500,MCHP,Microchip Technology,Information Technology,Semiconductors,https://en.wikipedia.org/wiki/List_of_S%26P_500_companies,2026-04-05T15:06:38.276538+00:00
sp500,MCK,McKesson Corporation,Health Care,Health Care Distributors,https://en.wikipedia.org/wiki/List_of_S%26P_500_companies,2026-04-05T15:06:38.276538+00:00
sp500,MCO,Moody's Corporation,Financials,Financial Exchanges & Data,https://en.wikipedia.org/wiki/List_of_S%26P_500_companies,2026-04-05T15:06:38.276538+00:00
sp500,MDLZ,Mondelez International,Consumer Staples,Packaged Foods & Meats,https://en.wikipedia.org/wiki/List_of_S%26P_500_companies,2026-04-05T15:06:38.276538+00:00
sp500,MDT,Medtronic,Health Care,Health Care Equipment,https://en.wikipedia.org/wiki/List_of_S%26P_500_companies,2026-04-05T15:06:38.276538+00:00
sp500,MET,MetLife,Financials,Life & Health Insurance,https://en.wikipedia.org/wiki/List_of_S%26P_500_companies,2026-04-05T15:06:38.276538+00:00
sp500,META,Meta Platforms,Communication Services,Interactive Media & Services,https://en.wikipedia.org/wiki/List_of_S%26P_500_companies,2026-04-05T15:06:38.276538+00:00
sp500,MGM,MGM Resorts,Consumer Discretionary,Casinos & Gaming,https://en.wikipedia.org/wiki/List_of_S%26P_500_companies,2026-04-05T15:06:38.276538+00:00
sp500,MKC,McCormick & Company,Consumer Staples,Packaged Foods & Meats,https://en.wikipedia.org/wiki/List_of_S%26P_500_companies,2026-04-05T15:06:38.276538+00:00
sp500,MLM,Martin Marietta Materials,Materials,Construction Materials,https://en.wikipedia.org/wiki/List_of_S%26P_500_companies,2026-04-05T15:06:38.276538+00:00
sp500,MMM,3M,Industrials,Industrial Conglomerates,https://en.wikipedia.org/wiki/List_of_S%26P_500_companies,2026-04-05T15:06:38.276538+00:00
sp500,MNST,Monster Beverage,Consumer Staples,Soft Drinks & Non-alcoholic Beverages,https://en.wikipedia.org/wiki/List_of_S%26P_500_companies,2026-04-05T15:06:38.276538+00:00
sp500,MO,Altria,Consumer Staples,Tobacco,https://en.wikipedia.org/wiki/List_of_S%26P_500_companies,2026-04-05T15:06:38.276538+00:00
sp500,MOS,Mosaic Company (The),Materials,Fertilizers & Agricultural Chemicals,https://en.wikipedia.org/wiki/List_of_S%26P_500_companies,2026-04-05T15:06:38.276538+00:00
sp500,MPC,Marathon Petroleum,Energy,Oil & Gas Refining & Marketing,https://en.wikipedia.org/wiki/List_of_S%26P_500_companies,2026-04-05T15:06:38.276538+00:00
sp500,MPWR,Monolithic Power Systems,Information Technology,Semiconductors,https://en.wikipedia.org/wiki/List_of_S%26P_500_companies,2026-04-05T15:06:38.276538+00:00
sp500,MRK,Merck & Co.,Health Care,Pharmaceuticals,https://en.wikipedia.org/wiki/List_of_S%26P_500_companies,2026-04-05T15:06:38.276538+00:00
sp500,MRNA,Moderna,Health Care,Biotechnology,https://en.wikipedia.org/wiki/List_of_S%26P_500_companies,2026-04-05T15:06:38.276538+00:00
sp500,MRSH,Marsh McLennan,Financials,Insurance Brokers,https://en.wikipedia.org/wiki/List_of_S%26P_500_companies,2026-04-05T15:06:38.276538+00:00
sp500,MS,Morgan Stanley,Financials,Investment Banking & Brokerage,https://en.wikipedia.org/wiki/List_of_S%26P_500_companies,2026-04-05T15:06:38.276538+00:00
sp500,MSCI,MSCI Inc.,Financials,Financial Exchanges & Data,https://en.wikipedia.org/wiki/List_of_S%26P_500_companies,2026-04-05T15:06:38.276538+00:00
sp500,MSFT,Microsoft,Information Technology,Systems Software,https://en.wikipedia.org/wiki/List_of_S%26P_500_companies,2026-04-05T15:06:38.276538+00:00
sp500,MSI,Motorola Solutions,Information Technology,Communications Equipment,https://en.wikipedia.org/wiki/List_of_S%26P_500_companies,2026-04-05T15:06:38.276538+00:00
sp500,MTB,M&T Bank,Financials,Regional Banks,https://en.wikipedia.org/wiki/List_of_S%26P_500_companies,2026-04-05T15:06:38.276538+00:00
sp500,MTD,Mettler Toledo,Health Care,Life Sciences Tools & Services,https://en.wikipedia.org/wiki/List_of_S%26P_500_companies,2026-04-05T15:06:38.276538+00:00
sp500,MU,Micron Technology,Information Technology,Semiconductors,https://en.wikipedia.org/wiki/List_of_S%26P_500_companies,2026-04-05T15:06:38.276538+00:00
sp500,NCLH,Norwegian Cruise Line Holdings,Consumer Discretionary,"Hotels, Resorts & Cruise Lines",https://en.wikipedia.org/wiki/List_of_S%26P_500_companies,2026-04-05T15:06:38.276538+00:00
sp500,NDAQ,"Nasdaq, Inc.",Financials,Financial Exchanges & Data,https://en.wikipedia.org/wiki/List_of_S%26P_500_companies,2026-04-05T15:06:38.276538+00:00
sp500,NDSN,Nordson Corporation,Industrials,Industrial Machinery & Supplies & Components,https://en.wikipedia.org/wiki/List_of_S%26P_500_companies,2026-04-05T15:06:38.276538+00:00
sp500,NEE,NextEra Energy,Utilities,Multi-Utilities,https://en.wikipedia.org/wiki/List_of_S%26P_500_companies,2026-04-05T15:06:38.276538+00:00
sp500,NEM,Newmont,Materials,Gold,https://en.wikipedia.org/wiki/List_of_S%26P_500_companies,2026-04-05T15:06:38.276538+00:00
sp500,NFLX,Netflix,Communication Services,Movies & Entertainment,https://en.wikipedia.org/wiki/List_of_S%26P_500_companies,2026-04-05T15:06:38.276538+00:00
sp500,NI,NiSource,Utilities,Multi-Utilities,https://en.wikipedia.org/wiki/List_of_S%26P_500_companies,2026-04-05T15:06:38.276538+00:00
sp500,NKE,"Nike, Inc.",Consumer Discretionary,"Apparel, Accessories & Luxury Goods",https://en.wikipedia.org/wiki/List_of_S%26P_500_companies,2026-04-05T15:06:38.276538+00:00
sp500,NOC,Northrop Grumman,Industrials,Aerospace & Defense,https://en.wikipedia.org/wiki/List_of_S%26P_500_companies,2026-04-05T15:06:38.276538+00:00
sp500,NOW,ServiceNow,Information Technology,Systems Software,https://en.wikipedia.org/wiki/List_of_S%26P_500_companies,2026-04-05T15:06:38.276538+00:00
sp500,NRG,NRG Energy,Utilities,Independent Power Producers & Energy Traders,https://en.wikipedia.org/wiki/List_of_S%26P_500_companies,2026-04-05T15:06:38.276538+00:00
sp500,NSC,Norfolk Southern,Industrials,Rail Transportation,https://en.wikipedia.org/wiki/List_of_S%26P_500_companies,2026-04-05T15:06:38.276538+00:00
sp500,NTAP,NetApp,Information Technology,"Technology Hardware, Storage & Peripherals",https://en.wikipedia.org/wiki/List_of_S%26P_500_companies,2026-04-05T15:06:38.276538+00:00
sp500,NTRS,Northern Trust,Financials,Asset Management & Custody Banks,https://en.wikipedia.org/wiki/List_of_S%26P_500_companies,2026-04-05T15:06:38.276538+00:00
sp500,NUE,Nucor,Materials,Steel,https://en.wikipedia.org/wiki/List_of_S%26P_500_companies,2026-04-05T15:06:38.276538+00:00
sp500,NVDA,Nvidia,Information Technology,Semiconductors,https://en.wikipedia.org/wiki/List_of_S%26P_500_companies,2026-04-05T15:06:38.276538+00:00
sp500,NVR,"NVR, Inc.",Consumer Discretionary,Homebuilding,https://en.wikipedia.org/wiki/List_of_S%26P_500_companies,2026-04-05T15:06:38.276538+00:00
sp500,NWS,News Corp (Class B),Communication Services,Publishing,https://en.wikipedia.org/wiki/List_of_S%26P_500_companies,2026-04-05T15:06:38.276538+00:00
sp500,NWSA,News Corp (Class A),Communication Services,Publishing,https://en.wikipedia.org/wiki/List_of_S%26P_500_companies,2026-04-05T15:06:38.276538+00:00
sp500,NXPI,NXP Semiconductors,Information Technology,Semiconductors,https://en.wikipedia.org/wiki/List_of_S%26P_500_companies,2026-04-05T15:06:38.276538+00:00
sp500,O,Realty Income,Real Estate,Retail REITs,https://en.wikipedia.org/wiki/List_of_S%26P_500_companies,2026-04-05T15:06:38.276538+00:00
sp500,ODFL,Old Dominion,Industrials,Cargo Ground Transportation,https://en.wikipedia.org/wiki/List_of_S%26P_500_companies,2026-04-05T15:06:38.276538+00:00
sp500,OKE,Oneok,Energy,Oil & Gas Storage & Transportation,https://en.wikipedia.org/wiki/List_of_S%26P_500_companies,2026-04-05T15:06:38.276538+00:00
sp500,OMC,Omnicom Group,Communication Services,Advertising,https://en.wikipedia.org/wiki/List_of_S%26P_500_companies,2026-04-05T15:06:38.276538+00:00
sp500,ON,ON Semiconductor,Information Technology,Semiconductors,https://en.wikipedia.org/wiki/List_of_S%26P_500_companies,2026-04-05T15:06:38.276538+00:00
sp500,ORCL,Oracle Corporation,Information Technology,Application Software,https://en.wikipedia.org/wiki/List_of_S%26P_500_companies,2026-04-05T15:06:38.276538+00:00
sp500,ORLY,O’Reilly Automotive,Consumer Discretionary,Automotive Retail,https://en.wikipedia.org/wiki/List_of_S%26P_500_companies,2026-04-05T15:06:38.276538+00:00
sp500,OTIS,Otis Worldwide,Industrials,Industrial Machinery & Supplies & Components,https://en.wikipedia.org/wiki/List_of_S%26P_500_companies,2026-04-05T15:06:38.276538+00:00
sp500,OXY,Occidental Petroleum,Energy,Oil & Gas Exploration & Production,https://en.wikipedia.org/wiki/List_of_S%26P_500_companies,2026-04-05T15:06:38.276538+00:00
sp500,PANW,Palo Alto Networks,Information Technology,Systems Software,https://en.wikipedia.org/wiki/List_of_S%26P_500_companies,2026-04-05T15:06:38.276538+00:00
sp500,PAYX,Paychex,Industrials,Human Resource & Employment Services,https://en.wikipedia.org/wiki/List_of_S%26P_500_companies,2026-04-05T15:06:38.276538+00:00
sp500,PCAR,Paccar,Industrials,Construction Machinery & Heavy Transportation Equipment,https://en.wikipedia.org/wiki/List_of_S%26P_500_companies,2026-04-05T15:06:38.276538+00:00
sp500,PCG,PG&E Corporation,Utilities,Multi-Utilities,https://en.wikipedia.org/wiki/List_of_S%26P_500_companies,2026-04-05T15:06:38.276538+00:00
sp500,PEG,Public Service Enterprise Group,Utilities,Electric Utilities,https://en.wikipedia.org/wiki/List_of_S%26P_500_companies,2026-04-05T15:06:38.276538+00:00
sp500,PEP,PepsiCo,Consumer Staples,Soft Drinks & Non-alcoholic Beverages,https://en.wikipedia.org/wiki/List_of_S%26P_500_companies,2026-04-05T15:06:38.276538+00:00
sp500,PFE,Pfizer,Health Care,Pharmaceuticals,https://en.wikipedia.org/wiki/List_of_S%26P_500_companies,2026-04-05T15:06:38.276538+00:00
sp500,PFG,Principal Financial Group,Financials,Life & Health Insurance,https://en.wikipedia.org/wiki/List_of_S%26P_500_companies,2026-04-05T15:06:38.276538+00:00
sp500,PG,Procter & Gamble,Consumer Staples,Personal Care Products,https://en.wikipedia.org/wiki/List_of_S%26P_500_companies,2026-04-05T15:06:38.276538+00:00
sp500,PGR,Progressive Corporation,Financials,Property & Casualty Insurance,https://en.wikipedia.org/wiki/List_of_S%26P_500_companies,2026-04-05T15:06:38.276538+00:00
sp500,PH,Parker Hannifin,Industrials,Industrial Machinery & Supplies & Components,https://en.wikipedia.org/wiki/List_of_S%26P_500_companies,2026-04-05T15:06:38.276538+00:00
sp500,PHM,PulteGroup,Consumer Discretionary,Homebuilding,https://en.wikipedia.org/wiki/List_of_S%26P_500_companies,2026-04-05T15:06:38.276538+00:00
sp500,PKG,Packaging Corporation of America,Materials,Paper & Plastic Packaging Products & Materials,https://en.wikipedia.org/wiki/List_of_S%26P_500_companies,2026-04-05T15:06:38.276538+00:00
sp500,PLD,Prologis,Real Estate,Industrial REITs,https://en.wikipedia.org/wiki/List_of_S%26P_500_companies,2026-04-05T15:06:38.276538+00:00
sp500,PLTR,Palantir Technologies,Information Technology,Application Software,https://en.wikipedia.org/wiki/List_of_S%26P_500_companies,2026-04-05T15:06:38.276538+00:00
sp500,PM,Philip Morris International,Consumer Staples,Tobacco,https://en.wikipedia.org/wiki/List_of_S%26P_500_companies,2026-04-05T15:06:38.276538+00:00
sp500,PNC,PNC Financial Services,Financials,Diversified Banks,https://en.wikipedia.org/wiki/List_of_S%26P_500_companies,2026-04-05T15:06:38.276538+00:00
sp500,PNR,Pentair,Industrials,Industrial Machinery & Supplies & Components,https://en.wikipedia.org/wiki/List_of_S%26P_500_companies,2026-04-05T15:06:38.276538+00:00
sp500,PNW,Pinnacle West Capital,Utilities,Multi-Utilities,https://en.wikipedia.org/wiki/List_of_S%26P_500_companies,2026-04-05T15:06:38.276538+00:00
sp500,PODD,Insulet Corporation,Health Care,Health Care Equipment,https://en.wikipedia.org/wiki/List_of_S%26P_500_companies,2026-04-05T15:06:38.276538+00:00
sp500,POOL,Pool Corporation,Consumer Discretionary,Distributors,https://en.wikipedia.org/wiki/List_of_S%26P_500_companies,2026-04-05T15:06:38.276538+00:00
sp500,PPG,PPG Industries,Materials,Specialty Chemicals,https://en.wikipedia.org/wiki/List_of_S%26P_500_companies,2026-04-05T15:06:38.276538+00:00
sp500,PPL,PPL Corporation,Utilities,Electric Utilities,https://en.wikipedia.org/wiki/List_of_S%26P_500_companies,2026-04-05T15:06:38.276538+00:00
sp500,PRU,Prudential Financial,Financials,Life & Health Insurance,https://en.wikipedia.org/wiki/List_of_S%26P_500_companies,2026-04-05T15:06:38.276538+00:00
sp500,PSA,Public Storage,Real Estate,Self-Storage REITs,https://en.wikipedia.org/wiki/List_of_S%26P_500_companies,2026-04-05T15:06:38.276538+00:00
sp500,PSKY,Paramount Skydance Corporation,Communication Services,Movies & Entertainment,https://en.wikipedia.org/wiki/List_of_S%26P_500_companies,2026-04-05T15:06:38.276538+00:00
sp500,PSX,Phillips 66,Energy,Oil & Gas Refining & Marketing,https://en.wikipedia.org/wiki/List_of_S%26P_500_companies,2026-04-05T15:06:38.276538+00:00
sp500,PTC,PTC Inc.,Information Technology,Application Software,https://en.wikipedia.org/wiki/List_of_S%26P_500_companies,2026-04-05T15:06:38.276538+00:00
sp500,PWR,Quanta Services,Industrials,Construction & Engineering,https://en.wikipedia.org/wiki/List_of_S%26P_500_companies,2026-04-05T15:06:38.276538+00:00
sp500,PYPL,PayPal,Financials,Transaction & Payment Processing Services,https://en.wikipedia.org/wiki/List_of_S%26P_500_companies,2026-04-05T15:06:38.276538+00:00
sp500,Q,Qnity Electronics,Information Technology,Semiconductor Materials & Equipment,https://en.wikipedia.org/wiki/List_of_S%26P_500_companies,2026-04-05T15:06:38.276538+00:00
sp500,QCOM,Qualcomm,Information Technology,Semiconductors,https://en.wikipedia.org/wiki/List_of_S%26P_500_companies,2026-04-05T15:06:38.276538+00:00
sp500,RCL,Royal Caribbean Group,Consumer Discretionary,"Hotels, Resorts & Cruise Lines",https://en.wikipedia.org/wiki/List_of_S%26P_500_companies,2026-04-05T15:06:38.276538+00:00
sp500,REG,Regency Centers,Real Estate,Retail REITs,https://en.wikipedia.org/wiki/List_of_S%26P_500_companies,2026-04-05T15:06:38.276538+00:00
sp500,REGN,Regeneron Pharmaceuticals,Health Care,Biotechnology,https://en.wikipedia.org/wiki/List_of_S%26P_500_companies,2026-04-05T15:06:38.276538+00:00
sp500,RF,Regions Financial Corporation,Financials,Regional Banks,https://en.wikipedia.org/wiki/List_of_S%26P_500_companies,2026-04-05T15:06:38.276538+00:00
sp500,RJF,Raymond James Financial,Financials,Investment Banking & Brokerage,https://en.wikipedia.org/wiki/List_of_S%26P_500_companies,2026-04-05T15:06:38.276538+00:00
sp500,RL,Ralph Lauren Corporation,Consumer Discretionary,"Apparel, Accessories & Luxury Goods",https://en.wikipedia.org/wiki/List_of_S%26P_500_companies,2026-04-05T15:06:38.276538+00:00
sp500,RMD,ResMed,Health Care,Health Care Equipment,https://en.wikipedia.org/wiki/List_of_S%26P_500_companies,2026-04-05T15:06:38.276538+00:00
sp500,ROK,Rockwell Automation,Industrials,Electrical Components & Equipment,https://en.wikipedia.org/wiki/List_of_S%26P_500_companies,2026-04-05T15:06:38.276538+00:00
sp500,ROL,"Rollins, Inc.",Industrials,Environmental & Facilities Services,https://en.wikipedia.org/wiki/List_of_S%26P_500_companies,2026-04-05T15:06:38.276538+00:00
sp500,ROP,Roper Technologies,Information Technology,Electronic Equipment & Instruments,https://en.wikipedia.org/wiki/List_of_S%26P_500_companies,2026-04-05T15:06:38.276538+00:00
sp500,ROST,Ross Stores,Consumer Discretionary,Apparel Retail,https://en.wikipedia.org/wiki/List_of_S%26P_500_companies,2026-04-05T15:06:38.276538+00:00
sp500,RSG,Republic Services,Industrials,Environmental & Facilities Services,https://en.wikipedia.org/wiki/List_of_S%26P_500_companies,2026-04-05T15:06:38.276538+00:00
sp500,RTX,RTX Corporation,Industrials,Aerospace & Defense,https://en.wikipedia.org/wiki/List_of_S%26P_500_companies,2026-04-05T15:06:38.276538+00:00
sp500,RVTY,Revvity,Health Care,Health Care Equipment,https://en.wikipedia.org/wiki/List_of_S%26P_500_companies,2026-04-05T15:06:38.276538+00:00
sp500,SATS,EchoStar,Communication Services,Wireless Telecommunication Services,https://en.wikipedia.org/wiki/List_of_S%26P_500_companies,2026-04-05T15:06:38.276538+00:00
sp500,SBAC,SBA Communications,Real Estate,Telecom Tower REITs,https://en.wikipedia.org/wiki/List_of_S%26P_500_companies,2026-04-05T15:06:38.276538+00:00
sp500,SBUX,Starbucks,Consumer Discretionary,Restaurants,https://en.wikipedia.org/wiki/List_of_S%26P_500_companies,2026-04-05T15:06:38.276538+00:00
sp500,SCHW,Charles Schwab Corporation,Financials,Investment Banking & Brokerage,https://en.wikipedia.org/wiki/List_of_S%26P_500_companies,2026-04-05T15:06:38.276538+00:00
sp500,SHW,Sherwin-Williams,Materials,Specialty Chemicals,https://en.wikipedia.org/wiki/List_of_S%26P_500_companies,2026-04-05T15:06:38.276538+00:00
sp500,SJM,J.M. Smucker Company (The),Consumer Staples,Packaged Foods & Meats,https://en.wikipedia.org/wiki/List_of_S%26P_500_companies,2026-04-05T15:06:38.276538+00:00
sp500,SLB,Schlumberger,Energy,Oil & Gas Equipment & Services,https://en.wikipedia.org/wiki/List_of_S%26P_500_companies,2026-04-05T15:06:38.276538+00:00
sp500,SMCI,Supermicro,Information Technology,"Technology Hardware, Storage & Peripherals",https://en.wikipedia.org/wiki/List_of_S%26P_500_companies,2026-04-05T15:06:38.276538+00:00
sp500,SNA,Snap-on,Industrials,Industrial Machinery & Supplies & Components,https://en.wikipedia.org/wiki/List_of_S%26P_500_companies,2026-04-05T15:06:38.276538+00:00
sp500,SNDK,Sandisk,Information Technology,"Technology Hardware, Storage & Peripherals",https://en.wikipedia.org/wiki/List_of_S%26P_500_companies,2026-04-05T15:06:38.276538+00:00
sp500,SNPS,Synopsys,Information Technology,Application Software,https://en.wikipedia.org/wiki/List_of_S%26P_500_companies,2026-04-05T15:06:38.276538+00:00
sp500,SO,Southern Company,Utilities,Electric Utilities,https://en.wikipedia.org/wiki/List_of_S%26P_500_companies,2026-04-05T15:06:38.276538+00:00
sp500,SOLV,Solventum,Health Care,Health Care Technology,https://en.wikipedia.org/wiki/List_of_S%26P_500_companies,2026-04-05T15:06:38.276538+00:00
sp500,SPG,Simon Property Group,Real Estate,Retail REITs,https://en.wikipedia.org/wiki/List_of_S%26P_500_companies,2026-04-05T15:06:38.276538+00:00
sp500,SPGI,S&P Global,Financials,Financial Exchanges & Data,https://en.wikipedia.org/wiki/List_of_S%26P_500_companies,2026-04-05T15:06:38.276538+00:00
sp500,SRE,Sempra,Utilities,Multi-Utilities,https://en.wikipedia.org/wiki/List_of_S%26P_500_companies,2026-04-05T15:06:38.276538+00:00
sp500,STE,Steris,Health Care,Health Care Equipment,https://en.wikipedia.org/wiki/List_of_S%26P_500_companies,2026-04-05T15:06:38.276538+00:00
sp500,STLD,Steel Dynamics,Materials,Steel,https://en.wikipedia.org/wiki/List_of_S%26P_500_companies,2026-04-05T15:06:38.276538+00:00
sp500,STT,State Street Corporation,Financials,Asset Management & Custody Banks,https://en.wikipedia.org/wiki/List_of_S%26P_500_companies,2026-04-05T15:06:38.276538+00:00
sp500,STX,Seagate Technology,Information Technology,"Technology Hardware, Storage & Peripherals",https://en.wikipedia.org/wiki/List_of_S%26P_500_companies,2026-04-05T15:06:38.276538+00:00
sp500,STZ,Constellation Brands,Consumer Staples,Distillers & Vintners,https://en.wikipedia.org/wiki/List_of_S%26P_500_companies,2026-04-05T15:06:38.276538+00:00
sp500,SW,Smurfit Westrock,Materials,Paper & Plastic Packaging Products & Materials,https://en.wikipedia.org/wiki/List_of_S%26P_500_companies,2026-04-05T15:06:38.276538+00:00
sp500,SWK,Stanley Black & Decker,Industrials,Industrial Machinery & Supplies & Components,https://en.wikipedia.org/wiki/List_of_S%26P_500_companies,2026-04-05T15:06:38.276538+00:00
sp500,SWKS,Skyworks Solutions,Information Technology,Semiconductors,https://en.wikipedia.org/wiki/List_of_S%26P_500_companies,2026-04-05T15:06:38.276538+00:00
sp500,SYF,Synchrony Financial,Financials,Consumer Finance,https://en.wikipedia.org/wiki/List_of_S%26P_500_companies,2026-04-05T15:06:38.276538+00:00
sp500,SYK,Stryker Corporation,Health Care,Health Care Equipment,https://en.wikipedia.org/wiki/List_of_S%26P_500_companies,2026-04-05T15:06:38.276538+00:00
sp500,SYY,Sysco,Consumer Staples,Food Distributors,https://en.wikipedia.org/wiki/List_of_S%26P_500_companies,2026-04-05T15:06:38.276538+00:00
sp500,T,AT&T,Communication Services,Integrated Telecommunication Services,https://en.wikipedia.org/wiki/List_of_S%26P_500_companies,2026-04-05T15:06:38.276538+00:00
sp500,TAP,Molson Coors Beverage Company,Consumer Staples,Brewers,https://en.wikipedia.org/wiki/List_of_S%26P_500_companies,2026-04-05T15:06:38.276538+00:00
sp500,TDG,TransDigm Group,Industrials,Aerospace & Defense,https://en.wikipedia.org/wiki/List_of_S%26P_500_companies,2026-04-05T15:06:38.276538+00:00
sp500,TDY,Teledyne Technologies,Information Technology,Electronic Equipment & Instruments,https://en.wikipedia.org/wiki/List_of_S%26P_500_companies,2026-04-05T15:06:38.276538+00:00
sp500,TECH,Bio-Techne,Health Care,Life Sciences Tools & Services,https://en.wikipedia.org/wiki/List_of_S%26P_500_companies,2026-04-05T15:06:38.276538+00:00
sp500,TEL,TE Connectivity,Information Technology,Electronic Manufacturing Services,https://en.wikipedia.org/wiki/List_of_S%26P_500_companies,2026-04-05T15:06:38.276538+00:00
sp500,TER,Teradyne,Information Technology,Semiconductor Materials & Equipment,https://en.wikipedia.org/wiki/List_of_S%26P_500_companies,2026-04-05T15:06:38.276538+00:00
sp500,TFC,Truist Financial,Financials,Diversified Banks,https://en.wikipedia.org/wiki/List_of_S%26P_500_companies,2026-04-05T15:06:38.276538+00:00
sp500,TGT,Target Corporation,Consumer Staples,Consumer Staples Merchandise Retail,https://en.wikipedia.org/wiki/List_of_S%26P_500_companies,2026-04-05T15:06:38.276538+00:00
sp500,TJX,TJX Companies,Consumer Discretionary,Apparel Retail,https://en.wikipedia.org/wiki/List_of_S%26P_500_companies,2026-04-05T15:06:38.276538+00:00
sp500,TKO,TKO Group Holdings,Communication Services,Movies & Entertainment,https://en.wikipedia.org/wiki/List_of_S%26P_500_companies,2026-04-05T15:06:38.276538+00:00
sp500,TMO,Thermo Fisher Scientific,Health Care,Life Sciences Tools & Services,https://en.wikipedia.org/wiki/List_of_S%26P_500_companies,2026-04-05T15:06:38.276538+00:00
sp500,TMUS,T-Mobile US,Communication Services,Wireless Telecommunication Services,https://en.wikipedia.org/wiki/List_of_S%26P_500_companies,2026-04-05T15:06:38.276538+00:00
sp500,TPL,Texas Pacific Land Corporation,Energy,Oil & Gas Exploration & Production,https://en.wikipedia.org/wiki/List_of_S%26P_500_companies,2026-04-05T15:06:38.276538+00:00
sp500,TPR,"Tapestry, Inc.",Consumer Discretionary,"Apparel, Accessories & Luxury Goods",https://en.wikipedia.org/wiki/List_of_S%26P_500_companies,2026-04-05T15:06:38.276538+00:00
sp500,TRGP,Targa Resources,Energy,Oil & Gas Storage & Transportation,https://en.wikipedia.org/wiki/List_of_S%26P_500_companies,2026-04-05T15:06:38.276538+00:00
sp500,TRMB,Trimble Inc.,Information Technology,Electronic Equipment & Instruments,https://en.wikipedia.org/wiki/List_of_S%26P_500_companies,2026-04-05T15:06:38.276538+00:00
sp500,TROW,T. Rowe Price,Financials,Asset Management & Custody Banks,https://en.wikipedia.org/wiki/List_of_S%26P_500_companies,2026-04-05T15:06:38.276538+00:00
sp500,TRV,Travelers Companies (The),Financials,Property & Casualty Insurance,https://en.wikipedia.org/wiki/List_of_S%26P_500_companies,2026-04-05T15:06:38.276538+00:00
sp500,TSCO,Tractor Supply,Consumer Discretionary,Other Specialty Retail,https://en.wikipedia.org/wiki/List_of_S%26P_500_companies,2026-04-05T15:06:38.276538+00:00
sp500,TSLA,"Tesla, Inc.",Consumer Discretionary,Automobile Manufacturers,https://en.wikipedia.org/wiki/List_of_S%26P_500_companies,2026-04-05T15:06:38.276538+00:00
sp500,TSN,Tyson Foods,Consumer Staples,Packaged Foods & Meats,https://en.wikipedia.org/wiki/List_of_S%26P_500_companies,2026-04-05T15:06:38.276538+00:00
sp500,TT,Trane Technologies,Industrials,Building Products,https://en.wikipedia.org/wiki/List_of_S%26P_500_companies,2026-04-05T15:06:38.276538+00:00
sp500,TTD,Trade Desk (The),Communication Services,Advertising,https://en.wikipedia.org/wiki/List_of_S%26P_500_companies,2026-04-05T15:06:38.276538+00:00
sp500,TTWO,Take-Two Interactive,Communication Services,Interactive Home Entertainment,https://en.wikipedia.org/wiki/List_of_S%26P_500_companies,2026-04-05T15:06:38.276538+00:00
sp500,TXN,Texas Instruments,Information Technology,Semiconductors,https://en.wikipedia.org/wiki/List_of_S%26P_500_companies,2026-04-05T15:06:38.276538+00:00
sp500,TXT,Textron,Industrials,Aerospace & Defense,https://en.wikipedia.org/wiki/List_of_S%26P_500_companies,2026-04-05T15:06:38.276538+00:00
sp500,TYL,Tyler Technologies,Information Technology,Application Software,https://en.wikipedia.org/wiki/List_of_S%26P_500_companies,2026-04-05T15:06:38.276538+00:00
sp500,UAL,United Airlines Holdings,Industrials,Passenger Airlines,https://en.wikipedia.org/wiki/List_of_S%26P_500_companies,2026-04-05T15:06:38.276538+00:00
sp500,UBER,Uber,Industrials,Passenger Ground Transportation,https://en.wikipedia.org/wiki/List_of_S%26P_500_companies,2026-04-05T15:06:38.276538+00:00
sp500,UDR,"UDR, Inc.",Real Estate,Multi-Family Residential REITs,https://en.wikipedia.org/wiki/List_of_S%26P_500_companies,2026-04-05T15:06:38.276538+00:00
sp500,UHS,Universal Health Services,Health Care,Health Care Facilities,https://en.wikipedia.org/wiki/List_of_S%26P_500_companies,2026-04-05T15:06:38.276538+00:00
sp500,ULTA,Ulta Beauty,Consumer Discretionary,Other Specialty Retail,https://en.wikipedia.org/wiki/List_of_S%26P_500_companies,2026-04-05T15:06:38.276538+00:00
sp500,UNH,UnitedHealth Group,Health Care,Managed Health Care,https://en.wikipedia.org/wiki/List_of_S%26P_500_companies,2026-04-05T15:06:38.276538+00:00
sp500,UNP,Union Pacific Corporation,Industrials,Rail Transportation,https://en.wikipedia.org/wiki/List_of_S%26P_500_companies,2026-04-05T15:06:38.276538+00:00
sp500,UPS,United Parcel Service,Industrials,Air Freight & Logistics,https://en.wikipedia.org/wiki/List_of_S%26P_500_companies,2026-04-05T15:06:38.276538+00:00
sp500,URI,United Rentals,Industrials,Trading Companies & Distributors,https://en.wikipedia.org/wiki/List_of_S%26P_500_companies,2026-04-05T15:06:38.276538+00:00
sp500,USB,U.S. Bancorp,Financials,Diversified Banks,https://en.wikipedia.org/wiki/List_of_S%26P_500_companies,2026-04-05T15:06:38.276538+00:00
sp500,V,Visa Inc.,Financials,Transaction & Payment Processing Services,https://en.wikipedia.org/wiki/List_of_S%26P_500_companies,2026-04-05T15:06:38.276538+00:00
sp500,VICI,Vici Properties,Real Estate,Hotel & Resort REITs,https://en.wikipedia.org/wiki/List_of_S%26P_500_companies,2026-04-05T15:06:38.276538+00:00
sp500,VLO,Valero Energy,Energy,Oil & Gas Refining & Marketing,https://en.wikipedia.org/wiki/List_of_S%26P_500_companies,2026-04-05T15:06:38.276538+00:00
sp500,VLTO,Veralto,Industrials,Environmental & Facilities Services,https://en.wikipedia.org/wiki/List_of_S%26P_500_companies,2026-04-05T15:06:38.276538+00:00
sp500,VMC,Vulcan Materials Company,Materials,Construction Materials,https://en.wikipedia.org/wiki/List_of_S%26P_500_companies,2026-04-05T15:06:38.276538+00:00
sp500,VRSK,Verisk Analytics,Industrials,Research & Consulting Services,https://en.wikipedia.org/wiki/List_of_S%26P_500_companies,2026-04-05T15:06:38.276538+00:00
sp500,VRSN,Verisign,Information Technology,Internet Services & Infrastructure,https://en.wikipedia.org/wiki/List_of_S%26P_500_companies,2026-04-05T15:06:38.276538+00:00
sp500,VRT,Vertiv,Industrials,Electrical Components & Equipment,https://en.wikipedia.org/wiki/List_of_S%26P_500_companies,2026-04-05T15:06:38.276538+00:00
sp500,VRTX,Vertex Pharmaceuticals,Health Care,Biotechnology,https://en.wikipedia.org/wiki/List_of_S%26P_500_companies,2026-04-05T15:06:38.276538+00:00
sp500,VST,Vistra Corp .,Utilities,Electric Utilities,https://en.wikipedia.org/wiki/List_of_S%26P_500_companies,2026-04-05T15:06:38.276538+00:00
sp500,VTR,Ventas,Real Estate,Health Care REITs,https://en.wikipedia.org/wiki/List_of_S%26P_500_companies,2026-04-05T15:06:38.276538+00:00
sp500,VTRS,Viatris,Health Care,Pharmaceuticals,https://en.wikipedia.org/wiki/List_of_S%26P_500_companies,2026-04-05T15:06:38.276538+00:00
sp500,VZ,Verizon,Communication Services,Integrated Telecommunication Services,https://en.wikipedia.org/wiki/List_of_S%26P_500_companies,2026-04-05T15:06:38.276538+00:00
sp500,WAB,Wabtec,Industrials,Construction Machinery & Heavy Transportation Equipment,https://en.wikipedia.org/wiki/List_of_S%26P_500_companies,2026-04-05T15:06:38.276538+00:00
sp500,WAT,Waters Corporation,Health Care,Life Sciences Tools & Services,https://en.wikipedia.org/wiki/List_of_S%26P_500_companies,2026-04-05T15:06:38.276538+00:00
sp500,WBD,Warner Bros. Discovery,Communication Services,Broadcasting,https://en.wikipedia.org/wiki/List_of_S%26P_500_companies,2026-04-05T15:06:38.276538+00:00
sp500,WDAY,"Workday, Inc.",Information Technology,Application Software,https://en.wikipedia.org/wiki/List_of_S%26P_500_companies,2026-04-05T15:06:38.276538+00:00
sp500,WDC,Western Digital,Information Technology,"Technology Hardware, Storage & Peripherals",https://en.wikipedia.org/wiki/List_of_S%26P_500_companies,2026-04-05T15:06:38.276538+00:00
sp500,WEC,WEC Energy Group,Utilities,Electric Utilities,https://en.wikipedia.org/wiki/List_of_S%26P_500_companies,2026-04-05T15:06:38.276538+00:00
sp500,WELL,Welltower,Real Estate,Health Care REITs,https://en.wikipedia.org/wiki/List_of_S%26P_500_companies,2026-04-05T15:06:38.276538+00:00
sp500,WFC,Wells Fargo,Financials,Diversified Banks,https://en.wikipedia.org/wiki/List_of_S%26P_500_companies,2026-04-05T15:06:38.276538+00:00
sp500,WM,Waste Management,Industrials,Environmental & Facilities Services,https://en.wikipedia.org/wiki/List_of_S%26P_500_companies,2026-04-05T15:06:38.276538+00:00
sp500,WMB,Williams Companies,Energy,Oil & Gas Storage & Transportation,https://en.wikipedia.org/wiki/List_of_S%26P_500_companies,2026-04-05T15:06:38.276538+00:00
sp500,WMT,Walmart,Consumer Staples,Consumer Staples Merchandise Retail,https://en.wikipedia.org/wiki/List_of_S%26P_500_companies,2026-04-05T15:06:38.276538+00:00
sp500,WRB,W. R. Berkley Corporation,Financials,Property & Casualty Insurance,https://en.wikipedia.org/wiki/List_of_S%26P_500_companies,2026-04-05T15:06:38.276538+00:00
sp500,WSM,"Williams-Sonoma, Inc.",Consumer Discretionary,Homefurnishing Retail,https://en.wikipedia.org/wiki/List_of_S%26P_500_companies,2026-04-05T15:06:38.276538+00:00
sp500,WST,West Pharmaceutical Services,Health Care,Health Care Supplies,https://en.wikipedia.org/wiki/List_of_S%26P_500_companies,2026-04-05T15:06:38.276538+00:00
sp500,WTW,Willis Towers Watson,Financials,Insurance Brokers,https://en.wikipedia.org/wiki/List_of_S%26P_500_companies,2026-04-05T15:06:38.276538+00:00
sp500,WY,Weyerhaeuser,Real Estate,Timber REITs,https://en.wikipedia.org/wiki/List_of_S%26P_500_companies,2026-04-05T15:06:38.276538+00:00
sp500,WYNN,Wynn Resorts,Consumer Discretionary,Casinos & Gaming,https://en.wikipedia.org/wiki/List_of_S%26P_500_companies,2026-04-05T15:06:38.276538+00:00
sp500,XEL,Xcel Energy,Utilities,Multi-Utilities,https://en.wikipedia.org/wiki/List_of_S%26P_500_companies,2026-04-05T15:06:38.276538+00:00
sp500,XOM,ExxonMobil,Energy,Integrated Oil & Gas,https://en.wikipedia.org/wiki/List_of_S%26P_500_companies,2026-04-05T15:06:38.276538+00:00
sp500,XYL,Xylem Inc.,Industrials,Industrial Machinery & Supplies & Components,https://en.wikipedia.org/wiki/List_of_S%26P_500_companies,2026-04-05T15:06:38.276538+00:00
sp500,XYZ,"Block, Inc.",Financials,Transaction & Payment Processing Services,https://en.wikipedia.org/wiki/List_of_S%26P_500_companies,2026-04-05T15:06:38.276538+00:00
sp500,YUM,Yum! Brands,Consumer Discretionary,Restaurants,https://en.wikipedia.org/wiki/List_of_S%26P_500_companies,2026-04-05T15:06:38.276538+00:00
sp500,ZBH,Zimmer Biomet,Health Care,Health Care Equipment,https://en.wikipedia.org/wiki/List_of_S%26P_500_companies,2026-04-05T15:06:38.276538+00:00
sp500,ZBRA,Zebra Technologies,Information Technology,Electronic Equipment & Instruments,https://en.wikipedia.org/wiki/List_of_S%26P_500_companies,2026-04-05T15:06:38.276538+00:00
sp500,ZTS,Zoetis,Health Care,Pharmaceuticals,https://en.wikipedia.org/wiki/List_of_S%26P_500_companies,2026-04-05T15:06:38.276538+00:00
